[
  {
    "id": "05c06c0b-3a02-4c43-a6be-1cc1e1525637",
    "data": [
      {
        "text": "bye talk to you later",
        "userDefined": false
      }
    ],
    "isTemplate": false,
    "count": 0,
    "updated": 0
  },
  {
    "id": "994a7a88-0fec-47d8-a9c9-6a0d1fa137fb",
    "data": [
      {
        "text": "see you later",
        "userDefined": false
      }
    ],
    "isTemplate": false,
    "count": 0,
    "updated": 0
  },
  {
    "id": "2fd9b035-c63a-4fe8-b4b6-4180a5d2ab3d",
    "data": [
      {
        "text": "goodbye",
        "userDefined": false
      }
    ],
    "isTemplate": false,
    "count": 0,
    "updated": 0
  },
  {
    "id": "a49be577-987c-4a11-a234-50732b0f95db",
    "data": [
      {
        "text": "bye",
        "userDefined": false
      }
    ],
    "isTemplate": false,
    "count": 0,
    "updated": 0
  }
]