[
  {
    "id": "4c507596-318e-4b54-acaf-3617cabb5faf",
    "data": [
      {
        "text": "I am looking for a restaurant",
        "userDefined": false
      }
    ],
    "isTemplate": false,
    "count": 0,
    "updated": 0
  },
  {
    "id": "608d9453-50c9-4de0-ba1e-84b18d52bf17",
    "data": [
      {
        "text": "i want to eat something please tell me some location near by",
        "userDefined": false
      }
    ],
    "isTemplate": false,
    "count": 0,
    "updated": 0
  },
  {
    "id": "77c59aa6-4583-47fe-adbe-943e397b7927",
    "data": [
      {
        "text": "find some food places near to me",
        "userDefined": false
      }
    ],
    "isTemplate": false,
    "count": 0,
    "updated": 0
  },
  {
    "id": "b5398645-7bca-4a60-b84d-23a02c8b240f",
    "data": [
      {
        "text": "Hey, I am looking for a food.",
        "userDefined": false
      }
    ],
    "isTemplate": false,
    "count": 0,
    "updated": 0
  },
  {
    "id": "6de53e0f-301c-486a-8d20-2af93c067a3c",
    "data": [
      {
        "text": "Hey, I am looking to eat something.",
        "userDefined": false
      }
    ],
    "isTemplate": false,
    "count": 0,
    "updated": 0
  },
  {
    "id": "d59fda6f-b30a-4bf2-bff3-1d6acf83f009",
    "data": [
      {
        "text": "looking for some restraunts",
        "userDefined": false
      }
    ],
    "isTemplate": false,
    "count": 0,
    "updated": 0
  },
  {
    "id": "b7af9fa3-14f0-4e2f-b93e-78e40f62631c",
    "data": [
      {
        "text": "looking for some food points",
        "userDefined": false
      }
    ],
    "isTemplate": false,
    "count": 0,
    "updated": 0
  },
  {
    "id": "e218e671-7e56-44b8-8c44-6f5f518bfff9",
    "data": [
      {
        "text": "i am hungry",
        "userDefined": false
      }
    ],
    "isTemplate": false,
    "count": 0,
    "updated": 0
  },
  {
    "id": "c80a81ad-5c57-4a7c-84f3-c045de87e4ab",
    "data": [
      {
        "text": "tell me some food points near to me",
        "userDefined": false
      }
    ],
    "isTemplate": false,
    "count": 0,
    "updated": 0
  },
  {
    "id": "86e03975-638a-481b-8610-e9184a6a84f8",
    "data": [
      {
        "text": "give me some food stalls",
        "userDefined": false
      }
    ],
    "isTemplate": false,
    "count": 0,
    "updated": 0
  },
  {
    "id": "9d411259-0cfa-4d77-b700-5b81ef9aac7b",
    "data": [
      {
        "text": "i am looking for some restaurants near me",
        "userDefined": false
      }
    ],
    "isTemplate": false,
    "count": 0,
    "updated": 0
  },
  {
    "id": "c93687a3-7739-4c81-a944-aaa1aef2494e",
    "data": [
      {
        "text": "i want to know some restaurants around me",
        "userDefined": false
      }
    ],
    "isTemplate": false,
    "count": 0,
    "updated": 0
  },
  {
    "id": "f4206af6-ee4e-44ab-8e2f-af5328ea48da",
    "data": [
      {
        "text": "list a few restaurants near me",
        "userDefined": false
      }
    ],
    "isTemplate": false,
    "count": 0,
    "updated": 0
  },
  {
    "id": "2607a742-c4fb-4b13-b6c3-06c0eb79527b",
    "data": [
      {
        "text": "restaurants near me",
        "userDefined": false
      }
    ],
    "isTemplate": false,
    "count": 0,
    "updated": 0
  }
]