[
  {
    "id": "8d77a6b2-70e1-4c08-a9c0-333257077547",
    "data": [
      {
        "text": "I am at Gachibowli",
        "userDefined": false
      }
    ],
    "isTemplate": false,
    "count": 0,
    "updated": 0
  },
  {
    "id": "f0d41c3a-31eb-4411-8e6c-200e0b23c073",
    "data": [
      {
        "text": "yelahanka ",
        "userDefined": false
      },
      {
        "text": "bangalore",
        "meta": "@sys.ignore",
        "userDefined": false
      }
    ],
    "isTemplate": false,
    "count": 1,
    "updated": 0
  },
  {
    "id": "3575a2c9-67ea-4214-b44b-28ab0210b4b5",
    "data": [
      {
        "text": "i am near yelahanka ",
        "userDefined": false
      },
      {
        "text": "bangalore",
        "meta": "@sys.ignore",
        "userDefined": false
      }
    ],
    "isTemplate": false,
    "count": 1,
    "updated": 0
  },
  {
    "id": "de437ac8-ff63-4170-a022-fce080289d2b",
    "data": [
      {
        "text": "i am looking for a restaurant in ",
        "userDefined": false
      },
      {
        "text": "bangalore",
        "meta": "@sys.ignore",
        "userDefined": false
      }
    ],
    "isTemplate": false,
    "count": 1,
    "updated": 0
  },
  {
    "id": "7879a648-591a-4333-83e6-83546c8ed3a0",
    "data": [
      {
        "text": "my location is ",
        "userDefined": false
      },
      {
        "text": "kerala",
        "meta": "@sys.ignore",
        "userDefined": false
      }
    ],
    "isTemplate": false,
    "count": 1,
    "updated": 0
  },
  {
    "id": "b9d97858-f5ac-4bd3-b4d3-138026179bb7",
    "data": [
      {
        "text": "my location will be in chennai",
        "userDefined": false
      }
    ],
    "isTemplate": false,
    "count": 1,
    "updated": 0
  },
  {
    "id": "ba226d56-25ec-4782-8424-9e463a78186c",
    "data": [
      {
        "text": "i think i am near to hyderabad",
        "userDefined": false
      }
    ],
    "isTemplate": false,
    "count": 1,
    "updated": 0
  },
  {
    "id": "37d0d849-c3c9-4a7f-827f-347b4370548b",
    "data": [
      {
        "text": "i am near to ",
        "userDefined": false
      },
      {
        "text": "mumbai",
        "meta": "@sys.ignore",
        "userDefined": false
      }
    ],
    "isTemplate": false,
    "count": 1,
    "updated": 0
  },
  {
    "id": "d370a01f-b7c9-463f-b7aa-a5411a95e2b2",
    "data": [
      {
        "text": "chennai",
        "userDefined": false
      }
    ],
    "isTemplate": false,
    "count": 1,
    "updated": 0
  },
  {
    "id": "c97a07cf-5ca4-48f7-913b-752a23d6ecde",
    "data": [
      {
        "text": "punjab",
        "userDefined": false
      }
    ],
    "isTemplate": false,
    "count": 1,
    "updated": 0
  },
  {
    "id": "0487486f-dc76-400f-88de-9acc2f52bea3",
    "data": [
      {
        "text": "i am looking in borivali",
        "userDefined": false
      }
    ],
    "isTemplate": false,
    "count": 1,
    "updated": 0
  },
  {
    "id": "057efc5e-7c81-4b11-aaec-7461086dd1d6",
    "data": [
      {
        "text": "i am living in borivali",
        "userDefined": false
      }
    ],
    "isTemplate": false,
    "count": 1,
    "updated": 0
  },
  {
    "id": "02307ba2-1071-4feb-b645-a8b394143edc",
    "data": [
      {
        "text": "my location will be in borivali",
        "userDefined": false
      }
    ],
    "isTemplate": false,
    "count": 1,
    "updated": 0
  },
  {
    "id": "986d506f-ab6c-425e-baf7-0fbce027f39a",
    "data": [
      {
        "text": "madhapur",
        "userDefined": false
      }
    ],
    "isTemplate": false,
    "count": 1,
    "updated": 0
  },
  {
    "id": "7073a364-450c-4ccd-8c02-9235b6af0b8a",
    "data": [
      {
        "text": "i am living in madhapur...",
        "userDefined": false
      }
    ],
    "isTemplate": false,
    "count": 1,
    "updated": 0
  },
  {
    "id": "960fe4c2-139c-4a26-b148-8ebc27b3cdfb",
    "data": [
      {
        "text": "my location is ",
        "userDefined": false
      },
      {
        "text": "punjab",
        "meta": "@sys.ignore",
        "userDefined": false
      }
    ],
    "isTemplate": false,
    "count": 1,
    "updated": 0
  },
  {
    "id": "abdddfe8-48ce-4696-874e-a0f1f66e96e5",
    "data": [
      {
        "text": "my location is andheri",
        "userDefined": false
      }
    ],
    "isTemplate": false,
    "count": 1,
    "updated": 0
  },
  {
    "id": "59dc6af1-e9fc-4512-b57d-4fe7d117cc4d",
    "data": [
      {
        "text": "i am currently living in ",
        "userDefined": false
      },
      {
        "text": "mumbai",
        "meta": "@sys.ignore",
        "userDefined": false
      }
    ],
    "isTemplate": false,
    "count": 1,
    "updated": 0
  },
  {
    "id": "8346c1f7-1d8b-4baf-8208-85c25c264bef",
    "data": [
      {
        "text": "i am living near borivali",
        "userDefined": false
      }
    ],
    "isTemplate": false,
    "count": 1,
    "updated": 0
  },
  {
    "id": "f1abf025-bc9a-4696-91f5-ce858258d12a",
    "data": [
      {
        "text": "borivali",
        "userDefined": false
      }
    ],
    "isTemplate": false,
    "count": 1,
    "updated": 0
  },
  {
    "id": "537f9e68-53a1-46c0-8f15-6ba687fcd5df",
    "data": [
      {
        "text": "currently living in",
        "userDefined": false
      }
    ],
    "isTemplate": false,
    "count": 0,
    "updated": 0
  },
  {
    "id": "faa15f8a-1d4e-4880-8d00-2c59f3bde6e2",
    "data": [
      {
        "text": "i am at",
        "userDefined": false
      }
    ],
    "isTemplate": false,
    "count": 0,
    "updated": 0
  },
  {
    "id": "3496591e-1546-4235-9514-f453713cb63e",
    "data": [
      {
        "text": "i am living in madhapur",
        "userDefined": false
      }
    ],
    "isTemplate": false,
    "count": 1,
    "updated": 0
  },
  {
    "id": "2510eea0-437d-431e-b979-35bc4aa8c5c7",
    "data": [
      {
        "text": "currently living in ",
        "userDefined": false
      },
      {
        "text": "mumbai",
        "meta": "@sys.ignore",
        "userDefined": false
      }
    ],
    "isTemplate": false,
    "count": 1,
    "updated": 0
  },
  {
    "id": "e77713dd-8ace-4306-9fa2-46f461445b87",
    "data": [
      {
        "text": "i am in ",
        "userDefined": false
      },
      {
        "text": "mumbai",
        "meta": "@sys.ignore",
        "userDefined": false
      }
    ],
    "isTemplate": false,
    "count": 1,
    "updated": 0
  },
  {
    "id": "a7cc230a-7f3e-47f9-ab15-2a9df2b3a713",
    "data": [
      {
        "text": "this place seems to be close to hyderabad",
        "userDefined": false
      }
    ],
    "isTemplate": false,
    "count": 1,
    "updated": 0
  },
  {
    "id": "abfe660b-db5e-4e43-938d-93a02d4046b1",
    "data": [
      {
        "text": "i feel this place is near to borivali",
        "userDefined": false
      }
    ],
    "isTemplate": false,
    "count": 1,
    "updated": 0
  },
  {
    "id": "d5254e23-4073-4da2-8a67-3772e0f20ef7",
    "data": [
      {
        "text": "i am near to chennai",
        "userDefined": false
      }
    ],
    "isTemplate": false,
    "count": 1,
    "updated": 0
  },
  {
    "id": "f5cd4f41-103b-49eb-a72d-3611c4eed24c",
    "data": [
      {
        "text": "my location will be mumbai",
        "userDefined": false
      }
    ],
    "isTemplate": false,
    "count": 1,
    "updated": 0
  },
  {
    "id": "03122604-16c1-4f82-9ea1-03d1f89cdae3",
    "data": [
      {
        "text": "i think i am near to ",
        "userDefined": false
      },
      {
        "text": "mumbai",
        "meta": "@sys.ignore",
        "userDefined": false
      }
    ],
    "isTemplate": false,
    "count": 1,
    "updated": 0
  },
  {
    "id": "2d0f12c4-2ece-4405-a2df-5fb4bada0235",
    "data": [
      {
        "text": "i am looking for restaurants in ",
        "userDefined": false
      },
      {
        "text": "mumbai",
        "meta": "@sys.ignore",
        "userDefined": false
      }
    ],
    "isTemplate": false,
    "count": 1,
    "updated": 0
  },
  {
    "id": "bf72c67f-0b49-4ad6-83a5-17aab9ef6868",
    "data": [
      {
        "text": "i am living in hyderabad",
        "userDefined": false
      }
    ],
    "isTemplate": false,
    "count": 0,
    "updated": 0
  },
  {
    "id": "f625b604-5212-4f24-957a-af0f08371032",
    "data": [
      {
        "text": "I am at Madhapur",
        "userDefined": false
      }
    ],
    "isTemplate": false,
    "count": 1,
    "updated": 0
  },
  {
    "id": "c93916fc-3fd9-4132-9d39-b05f940f4624",
    "data": [
      {
        "text": "I am at KPHB",
        "userDefined": false
      }
    ],
    "isTemplate": false,
    "count": 1,
    "updated": 0
  },
  {
    "id": "ef1b8124-9e27-45eb-b421-883fa9db4c7b",
    "data": [
      {
        "text": "i am living in ",
        "userDefined": false
      },
      {
        "text": "mumbai",
        "meta": "@sys.ignore",
        "userDefined": false
      }
    ],
    "isTemplate": false,
    "count": 0,
    "updated": 0
  },
  {
    "id": "aa37e9c3-356f-490f-b5db-b28bf786cf02",
    "data": [
      {
        "text": "yelahanka banaglore",
        "userDefined": false
      }
    ],
    "isTemplate": false,
    "count": 0,
    "updated": 0
  },
  {
    "id": "b462f964-7702-45ec-9a6d-da11ba1b4cc7",
    "data": [
      {
        "text": "i am looking in hyderabad",
        "userDefined": false
      }
    ],
    "isTemplate": false,
    "count": 0,
    "updated": 0
  },
  {
    "id": "44138cf2-d6ba-40f2-b0bd-dbd0a7846ddf",
    "data": [
      {
        "text": "hyderabad",
        "userDefined": false
      }
    ],
    "isTemplate": false,
    "count": 0,
    "updated": 0
  },
  {
    "id": "cfd4f24c-6ca0-48a3-b906-476a1a4ad377",
    "data": [
      {
        "text": "looking to eat in hyderabad",
        "userDefined": false
      }
    ],
    "isTemplate": false,
    "count": 0,
    "updated": 0
  },
  {
    "id": "d5b1bf40-f435-4588-a68b-fbc381c48675",
    "data": [
      {
        "text": "my location will be hyderabad",
        "userDefined": false
      }
    ],
    "isTemplate": false,
    "count": 0,
    "updated": 0
  },
  {
    "id": "3de8e24c-f10f-4381-8750-0fcab954e261",
    "data": [
      {
        "text": "mumbai",
        "meta": "@sys.ignore",
        "userDefined": false
      }
    ],
    "isTemplate": false,
    "count": 0,
    "updated": 0
  },
  {
    "id": "7cee96e4-41cf-4476-9ee0-a06890ff082e",
    "data": [
      {
        "text": "delhi",
        "meta": "@sys.ignore",
        "userDefined": false
      }
    ],
    "isTemplate": false,
    "count": 0,
    "updated": 0
  },
  {
    "id": "9d515067-39a4-4d8e-9133-564cc2a2e141",
    "data": [
      {
        "text": "near indiranagar ",
        "userDefined": false
      },
      {
        "text": "bangalore",
        "meta": "@sys.ignore",
        "userDefined": false
      }
    ],
    "isTemplate": false,
    "count": 0,
    "updated": 0
  },
  {
    "id": "392d0daa-5cd8-4980-8a77-e629e6be49e5",
    "data": [
      {
        "text": "near yelahanka",
        "userDefined": false
      }
    ],
    "isTemplate": false,
    "count": 0,
    "updated": 0
  },
  {
    "id": "4d520787-da6d-427a-ae58-093a5745ed1c",
    "data": [
      {
        "text": "i am near madhapur",
        "userDefined": false
      }
    ],
    "isTemplate": false,
    "count": 0,
    "updated": 0
  },
  {
    "id": "74588d30-04ff-426e-bb2b-8bc2fb1fc9ca",
    "data": [
      {
        "text": "i need for sanjaynagar",
        "userDefined": false
      }
    ],
    "isTemplate": false,
    "count": 0,
    "updated": 0
  }
]