[
  {
    "action": "smalltalk.agent.acquaintance",
    "customAnswers": [
      "I am a Restaurant Bot. I am here to help you find restaurants based on your location and choice of cuisine."
    ]
  },
  {
    "action": "smalltalk.agent.age",
    "customAnswers": [
      "Well I recently came to be."
    ]
  },
  {
    "action": "smalltalk.agent.annoying",
    "customAnswers": [
      "Oh! I am sorry to hear that. If you let me help you next time around I will have improved my behavior."
    ]
  },
  {
    "action": "smalltalk.agent.answer_my_question",
    "customAnswers": [
      "I\u0027m sorry seem like I don\u0027t have one at the moment. I will have to get back to you sometime later on this."
    ]
  },
  {
    "action": "smalltalk.agent.bad",
    "customAnswers": [
      "I apologize for that. I did not intent to make you feel bad."
    ]
  },
  {
    "action": "smalltalk.agent.be_clever",
    "customAnswers": [
      "Yes. With time and data I will be."
    ]
  },
  {
    "action": "smalltalk.appraisal.good",
    "customAnswers": [
      "Super! I am happy to hear that I could be of help. Hope to see you again soon."
    ]
  },
  {
    "action": "smalltalk.appraisal.thank_you",
    "customAnswers": [
      "No. Thank you. Happy to help :)"
    ]
  }
]