[
  {
    "value": "Swedish",
    "synonyms": [
      "Swedish"
    ]
  },
  {
    "value": "Latvian",
    "synonyms": [
      "Latvian"
    ]
  },
  {
    "value": "Scottish",
    "synonyms": [
      "Scottish"
    ]
  },
  {
    "value": "Indian",
    "synonyms": [
      "Indian"
    ]
  },
  {
    "value": "Canadian",
    "synonyms": [
      "Canadian"
    ]
  },
  {
    "value": "Jewish",
    "synonyms": [
      "Jewish"
    ]
  },
  {
    "value": "Polish",
    "synonyms": [
      "Polish"
    ]
  },
  {
    "value": "Hawaiian",
    "synonyms": [
      "Hawaiian"
    ]
  },
  {
    "value": "Brazilian",
    "synonyms": [
      "Brazilian"
    ]
  },
  {
    "value": "Peruvian",
    "synonyms": [
      "Peruvian"
    ]
  },
  {
    "value": "Salvadorian",
    "synonyms": [
      "Salvadorian"
    ]
  },
  {
    "value": "Cuban",
    "synonyms": [
      "Cuban"
    ]
  },
  {
    "value": "Egyptian",
    "synonyms": [
      "Egyptian"
    ]
  },
  {
    "value": "Irish",
    "synonyms": [
      "Irish"
    ]
  },
  {
    "value": "Welsh",
    "synonyms": [
      "Welsh"
    ]
  },
  {
    "value": "Mormon",
    "synonyms": [
      "Mormon"
    ]
  },
  {
    "value": "Cajun",
    "synonyms": [
      "Cajun"
    ]
  },
  {
    "value": "Haitian",
    "synonyms": [
      "Haitian"
    ]
  },
  {
    "value": "Tahitian",
    "synonyms": [
      "Tahitian"
    ]
  },
  {
    "value": "Kenyan",
    "synonyms": [
      "Kenyan"
    ]
  },
  {
    "value": "Algerian",
    "synonyms": [
      "Algerian"
    ]
  },
  {
    "value": "Nigerian",
    "synonyms": [
      "Nigerian"
    ]
  },
  {
    "value": "Libyan",
    "synonyms": [
      "Libyan"
    ]
  },
  {
    "value": "Afghan",
    "synonyms": [
      "Afghan"
    ]
  },
  {
    "value": "African",
    "synonyms": [
      "African"
    ]
  },
  {
    "value": "American",
    "synonyms": [
      "American"
    ]
  },
  {
    "value": "Andhra",
    "synonyms": [
      "Andhra"
    ]
  },
  {
    "value": "Arabian",
    "synonyms": [
      "Arabian"
    ]
  },
  {
    "value": "Asian",
    "synonyms": [
      "Asian"
    ]
  },
  {
    "value": "Assamese",
    "synonyms": [
      "Assamese"
    ]
  },
  {
    "value": "Australian",
    "synonyms": [
      "Australian"
    ]
  },
  {
    "value": "Awadhi",
    "synonyms": [
      "Awadhi"
    ]
  },
  {
    "value": "BBQ",
    "synonyms": [
      "BBQ"
    ]
  },
  {
    "value": "Bakery",
    "synonyms": [
      "Bakery"
    ]
  },
  {
    "value": "Bar Food",
    "synonyms": [
      "Bar Food"
    ]
  },
  {
    "value": "Belgian",
    "synonyms": [
      "Belgian"
    ]
  },
  {
    "value": "Bengali",
    "synonyms": [
      "Bengali"
    ]
  },
  {
    "value": "Beverages",
    "synonyms": [
      "Beverages"
    ]
  },
  {
    "value": "Bihari",
    "synonyms": [
      "Bihari"
    ]
  },
  {
    "value": "Biryani",
    "synonyms": [
      "Biryani"
    ]
  },
  {
    "value": "Bohri",
    "synonyms": [
      "Bohri"
    ]
  },
  {
    "value": "British",
    "synonyms": [
      "British"
    ]
  },
  {
    "value": "Bubble Tea",
    "synonyms": [
      "Bubble Tea"
    ]
  },
  {
    "value": "Burger",
    "synonyms": [
      "Burger"
    ]
  },
  {
    "value": "Burmese",
    "synonyms": [
      "Burmese"
    ]
  },
  {
    "value": "Cafe",
    "synonyms": [
      "Cafe"
    ]
  },
  {
    "value": "Cantonese",
    "synonyms": [
      "Cantonese"
    ]
  },
  {
    "value": "Charcoal Chicken",
    "synonyms": [
      "Charcoal Chicken"
    ]
  },
  {
    "value": "Chettinad",
    "synonyms": [
      "Chettinad"
    ]
  },
  {
    "value": "Chinese",
    "synonyms": [
      "Chinese"
    ]
  },
  {
    "value": "Coffee",
    "synonyms": [
      "Coffee"
    ]
  },
  {
    "value": "Continental",
    "synonyms": [
      "Continental"
    ]
  },
  {
    "value": "Cuisine Varies",
    "synonyms": [
      "Cuisine Varies"
    ]
  },
  {
    "value": "Desserts",
    "synonyms": [
      "Desserts"
    ]
  },
  {
    "value": "Drinks Only",
    "synonyms": [
      "Drinks Only"
    ]
  },
  {
    "value": "European",
    "synonyms": [
      "European"
    ]
  },
  {
    "value": "Fast Food",
    "synonyms": [
      "Fast Food"
    ]
  },
  {
    "value": "Finger Food",
    "synonyms": [
      "Finger Food"
    ]
  },
  {
    "value": "French",
    "synonyms": [
      "French"
    ]
  },
  {
    "value": "Frozen Yogurt",
    "synonyms": [
      "Frozen Yogurt"
    ]
  },
  {
    "value": "German",
    "synonyms": [
      "German"
    ]
  },
  {
    "value": "Goan",
    "synonyms": [
      "Goan"
    ]
  },
  {
    "value": "Greek",
    "synonyms": [
      "Greek"
    ]
  },
  {
    "value": "Gujarati",
    "synonyms": [
      "Gujarati"
    ]
  },
  {
    "value": "Healthy Food",
    "synonyms": [
      "Healthy Food"
    ]
  },
  {
    "value": "Hot dogs",
    "synonyms": [
      "Hot dogs"
    ]
  },
  {
    "value": "Hyderabadi",
    "synonyms": [
      "Hyderabadi"
    ]
  },
  {
    "value": "Ice Cream",
    "synonyms": [
      "Ice Cream"
    ]
  },
  {
    "value": "Indonesian",
    "synonyms": [
      "Indonesian"
    ]
  },
  {
    "value": "Iranian",
    "synonyms": [
      "Iranian"
    ]
  },
  {
    "value": "Italian",
    "synonyms": [
      "Italian"
    ]
  },
  {
    "value": "Japanese",
    "synonyms": [
      "Japanese"
    ]
  },
  {
    "value": "Juices",
    "synonyms": [
      "Juices"
    ]
  },
  {
    "value": "Kashmiri",
    "synonyms": [
      "Kashmiri"
    ]
  },
  {
    "value": "Kebab",
    "synonyms": [
      "Kebab"
    ]
  },
  {
    "value": "Kerala",
    "synonyms": [
      "Kerala"
    ]
  },
  {
    "value": "Korean",
    "synonyms": [
      "Korean"
    ]
  },
  {
    "value": "Lebanese",
    "synonyms": [
      "Lebanese"
    ]
  },
  {
    "value": "Lucknowi",
    "synonyms": [
      "Lucknowi"
    ]
  },
  {
    "value": "Maharashtrian",
    "synonyms": [
      "Maharashtrian"
    ]
  },
  {
    "value": "Malaysian",
    "synonyms": [
      "Malaysian"
    ]
  },
  {
    "value": "Malwani",
    "synonyms": [
      "Malwani"
    ]
  },
  {
    "value": "Mangalorean",
    "synonyms": [
      "Mangalorean"
    ]
  },
  {
    "value": "Mediterranean",
    "synonyms": [
      "Mediterranean"
    ]
  },
  {
    "value": "Mexican",
    "synonyms": [
      "Mexican"
    ]
  },
  {
    "value": "Middle Eastern",
    "synonyms": [
      "Middle Eastern"
    ]
  },
  {
    "value": "Mishti",
    "synonyms": [
      "Mishti"
    ]
  },
  {
    "value": "Mithai",
    "synonyms": [
      "Mithai"
    ]
  },
  {
    "value": "Modern Indian",
    "synonyms": [
      "Modern Indian"
    ]
  },
  {
    "value": "Momos",
    "synonyms": [
      "Momos"
    ]
  },
  {
    "value": "Mongolian",
    "synonyms": [
      "Mongolian"
    ]
  },
  {
    "value": "Moroccan",
    "synonyms": [
      "Moroccan"
    ]
  },
  {
    "value": "Mughlai",
    "synonyms": [
      "Mughlai"
    ]
  },
  {
    "value": "Naga",
    "synonyms": [
      "Naga"
    ]
  },
  {
    "value": "Nepalese",
    "synonyms": [
      "Nepalese"
    ]
  },
  {
    "value": "North Eastern",
    "synonyms": [
      "North Eastern"
    ]
  },
  {
    "value": "North Indian",
    "synonyms": [
      "North Indian"
    ]
  },
  {
    "value": "Odia",
    "synonyms": [
      "Odia"
    ]
  },
  {
    "value": "Paan",
    "synonyms": [
      "Paan"
    ]
  },
  {
    "value": "Parsi",
    "synonyms": [
      "Parsi"
    ]
  },
  {
    "value": "Pizza",
    "synonyms": [
      "Pizza"
    ]
  },
  {
    "value": "Portuguese",
    "synonyms": [
      "Portuguese"
    ]
  },
  {
    "value": "Rajasthani",
    "synonyms": [
      "Rajasthani"
    ]
  },
  {
    "value": "Raw Meats",
    "synonyms": [
      "Raw Meats"
    ]
  },
  {
    "value": "Roast Chicken",
    "synonyms": [
      "Roast Chicken"
    ]
  },
  {
    "value": "Rolls",
    "synonyms": [
      "Rolls"
    ]
  },
  {
    "value": "Russian",
    "synonyms": [
      "Russian"
    ]
  },
  {
    "value": "Salad",
    "synonyms": [
      "Salad"
    ]
  },
  {
    "value": "Sandwich",
    "synonyms": [
      "Sandwich"
    ]
  },
  {
    "value": "Seafood",
    "synonyms": [
      "Seafood"
    ]
  },
  {
    "value": "Sindhi",
    "synonyms": [
      "Sindhi"
    ]
  },
  {
    "value": "Soul Food",
    "synonyms": [
      "Soul Food"
    ]
  },
  {
    "value": "Singaporean",
    "synonyms": [
      "Singaporean"
    ]
  },
  {
    "value": "South American",
    "synonyms": [
      "South American"
    ]
  },
  {
    "value": "South Indian",
    "synonyms": [
      "South Indian"
    ]
  },
  {
    "value": "Spanish",
    "synonyms": [
      "Spanish"
    ]
  },
  {
    "value": "Sri Lankan",
    "synonyms": [
      "Sri Lankan"
    ]
  },
  {
    "value": "Steak",
    "synonyms": [
      "Steak"
    ]
  },
  {
    "value": "Street Food",
    "synonyms": [
      "Street Food"
    ]
  },
  {
    "value": "Sushi",
    "synonyms": [
      "Sushi"
    ]
  },
  {
    "value": "Tamil",
    "synonyms": [
      "Tamil"
    ]
  },
  {
    "value": "Tea",
    "synonyms": [
      "Tea"
    ]
  },
  {
    "value": "Tex-Mex",
    "synonyms": [
      "Tex-Mex"
    ]
  },
  {
    "value": "Thai",
    "synonyms": [
      "Thai"
    ]
  },
  {
    "value": "Tibetan",
    "synonyms": [
      "Tibetan"
    ]
  },
  {
    "value": "Turkish",
    "synonyms": [
      "Turkish"
    ]
  },
  {
    "value": "Vietnamese",
    "synonyms": [
      "Vietnamese"
    ]
  },
  {
    "value": "Wraps",
    "synonyms": [
      "Wraps"
    ]
  }
]